run_date,company,job_title,job_city,job_state,job_posted_at,publisher,employment_type,salary,apply_link,search_query
2026-09-11,Montgomery County Public Schools,"FY27: Paraeducator Level II, Special Education Itinerant, Montgomery Village MS, 6Hrs/10Mos, Ad C...",Rockville,Maryland,2026-09-09T10:09:28.000Z,ZipRecruiter,Part-time,,"https://www.ziprecruiter.com/c/montgomery-county-public-schools/Job/FY27:-Paraeducator-Level-II,-Special-Education-Itinerant,-Montgomery-Village-MS,-6hrs-10mos,-Ad-c.../-in-Rockville,MD?jid=dc98aa6dce12fa44&trk=bingjobs","jobs in Montgomery Village, MD"
2026-09-11,Montgomery County Public Schools,"FY27: Paraeducator Level II, Special Education Itinerant (LFI), Montgomery Village MS, 6Hrs/10Mos...",Rockville,Maryland,2026-09-09T09:55:36.000Z,ZipRecruiter,Part-time,,"https://www.ziprecruiter.com/c/montgomery-county-public-schools/Job/FY27:-Paraeducator-Level-II,-Special-Education-Itinerant-(LFI),-Montgomery-Village-MS,-6hrs-10mos.../-in-Rockville,MD?jid=b1a674ede89204fa&trk=bingjobs","jobs in Montgomery Village, MD"
2026-09-11,Forterra,Manufacturing Engineer,Clarksburg,Maryland,2026-09-09T06:58:34.000Z,LinkedIn,Full-time,,https://www.linkedin.com/jobs/view/manufacturing-engineer-at-forterra-4454930807?trk=bingjobs,"jobs in Clarksburg, MD"
2026-09-11,Safeway,Pharmacy Technician,Wheaton,Maryland,2026-09-09T04:15:32.000Z,LinkedIn,Part-time,,https://www.linkedin.com/jobs/view/pharmacy-technician-at-safeway-4455987853?trk=bingjobs,"jobs in Wheaton, MD"
2026-09-11,The Montgomery County Coalition,"Residential Aide. Safe Havens, Monday To Friday From 12:00 Am - 8:00 Am, Full-Time",Laytonsville,Maryland,2026-09-09T03:39:23.000Z,ZipRecruiter,Full-time,,"https://www.ziprecruiter.com/c/montgomery-county-coalition/Job/Residential-Aide.-Safe-Havens,-Monday-to-Friday-from-12:00-am-8:00-am,-Full-time/-in-Laytonsville,MD?jid=21d6caf5f77870f5&trk=bingjobs","jobs in Montgomery County, MD"
2026-09-11,CloseKnit,"Family/ Internal Medicine Physician Needed In Bethesda, MD",Bethesda,Maryland,2026-09-09T00:54:02.000Z,LinkedIn,Full-time,,https://www.linkedin.com/jobs/view/family-internal-medicine-physician-needed-in-bethesda-md-at-closeknit-primary-care-4465010103?trk=bingjobs,"jobs in Wheaton, MD"
2026-09-11,Vetted Solutions,Night Supervisor LPN → LPN Night Supervisor,Montgomery Village,Maryland,2026-09-09T00:08:14.000Z,LinkedIn,Full-time,,https://www.linkedin.com/jobs/view/night-supervisor-lpn-%E2%86%92-lpn-night-supervisor-at-vetted-solutions-4465000231?trk=bingjobs,"jobs in Montgomery Village, MD"
2026-09-11,AlliedTravelCareers,"Travel Physical Therapist (PT) - $1,892 Per Week In Potomac, MD",Potomac,Maryland,2026-09-09T00:00:00.000Z,CareerBuilder,Full-time,,https://www.careerbuilder.com/job-details/travel-physical-therapist-pt-1-892-per-week-in-potomac-md-potomac-md--1a4ef1ab-7f43-41e0-a6e1-d617f7545316?trk=bingjobs,"jobs in Olney, MD"
2026-09-11,Rally House,Seasonal Teammate (Retail Associate),Clarksburg,Maryland,2026-09-08T20:27:19.000Z,LinkedIn,Temporary,,https://www.linkedin.com/jobs/view/seasonal-teammate-retail-associate-at-rally-house-4464978206?trk=bingjobs,"jobs in Clarksburg, MD"
2026-09-11,Jubilee Association of Maryland,Live-In Direct Support Professional,Rockville,Maryland,2026-09-08T18:40:38.000Z,LinkedIn,Full-time,,https://www.linkedin.com/jobs/view/live-in-direct-support-professional-at-jubilee-association-of-maryland-4464949076?trk=bingjobs,"jobs in Olney, MD"
2026-09-11,Kelly,Clerk,Olney,Maryland,2026-09-08T18:19:32.000Z,LinkedIn,Full-time,,https://www.linkedin.com/jobs/view/clerk-at-kelly-4464925881?trk=bingjobs,"jobs in Olney, MD"
2026-09-11,Montgomery County Public Schools,"FY27: Coach, Winter Cheer, Wootton HS, TPT",Rockville,Maryland,2026-09-08T17:40:44.000Z,LinkedIn,Part-time,,https://www.linkedin.com/jobs/view/fy27-coach-winter-cheer-wootton-hs-tpt-at-montgomery-county-public-schools-4464921835?trk=bingjobs,"jobs in Montgomery County, MD"
2026-09-11,CVS Health,Store Associate,Olney,Maryland,2026-09-08T17:28:25.000Z,LinkedIn,Part-time,,https://www.linkedin.com/jobs/view/store-associate-at-cvs-health-4464647770?trk=bingjobs,"jobs in Olney, MD"
2026-09-11,The Arc Montgomery County,Direct Support Professional-PS (Gaithersburg),Derwood,Maryland,2026-09-08T17:00:00.000Z,LinkedIn,Full-time,,https://www.linkedin.com/jobs/view/direct-support-professional-ps-gaithersburg-at-the-arc-montgomery-county-4463075034?trk=bingjobs,"jobs in Montgomery County, MD"
2026-09-11,kate spade new york,Temporary Associate,Clarksburg,Maryland,2026-09-08T16:21:17.000Z,LinkedIn,Part-time,,https://www.linkedin.com/jobs/view/temporary-associate-at-kate-spade-new-york-4462550453?trk=bingjobs,"jobs in Clarksburg, MD"
2026-09-11,Burlington Stores,Seasonal Retail Stocking Associate - Part Time,Montgomery Village,Maryland,2026-09-08T16:17:41.000Z,LinkedIn,Part-time,,https://www.linkedin.com/jobs/view/seasonal-retail-stocking-associate-part-time-at-burlington-stores-inc-4464914005?trk=bingjobs,"jobs in Montgomery Village, MD"
2026-09-11,iAnthus Capital,Dispensary Lead - Health For Life (Bethesda),Bethesda,Maryland,2026-09-08T15:34:39.000Z,ZipRecruiter,Full-time,,"https://www.ziprecruiter.com/c/iAnthus-Capital/Job/Dispensary-Lead-Health-For-Life-(Bethesda)/-in-Bethesda,MD?jid=ccf9df25167e8331&trk=bingjobs","jobs in North Bethesda, MD"
2026-09-11,Visiting Angels,Direct Support Professional - Montgomery County,Bethesda,Maryland,2026-09-08T15:34:37.000Z,ZipRecruiter,,,"https://www.ziprecruiter.com/c/visiting-angels/Job/Direct-Support-Professional-Montgomery-County/-in-Bethesda,MD?jid=e2e6c2158d6c1bee&trk=bingjobs","jobs in Montgomery County, MD"
2026-09-11,"LIDL US, LLC.","Store Associate (Part Time) - Wheaton, MD",Wheaton,Maryland,2026-09-08T14:58:19.000Z,LinkedIn,Part-time,,https://www.linkedin.com/jobs/view/store-associate-part-time-wheaton-md-at-lidl-us-4464686653?trk=bingjobs,"jobs in Wheaton, MD"
2026-09-11,CIEL OLNEY LLC,Business Office Director,Olney,Maryland,2026-09-08T14:14:00.000Z,ZipRecruiter,Full-time,,"https://www.ziprecruiter.com/c/CIEL-OLNEY/Job/Business-Office-Director/-in-Olney,MD?jid=f64009ad0f10f58e&trk=bingjobs","jobs in Olney, MD"
2026-09-11,iAnthus,Dispensary Lead - Health For Life (Bethesda),Bethesda,Maryland,2026-09-08T12:42:26.000Z,LinkedIn,Full-time,,https://www.linkedin.com/jobs/view/dispensary-lead-health-for-life-bethesda-at-ianthus-4464680261?trk=bingjobs,"jobs in North Bethesda, MD"
2026-09-11,Children's National Hospital,Clinic Operations Representative - Montgomery County,Rockville,Maryland,2026-09-08T10:10:47.000Z,LinkedIn,Full-time,,https://www.linkedin.com/jobs/view/clinic-operations-representative-montgomery-county-at-children-s-national-hospital-4463523938?trk=bingjobs,"jobs in Montgomery County, MD"
2026-09-11,Five Below,Fulltime Support Lead Wheaton MD,Silver Spring,Maryland,2026-09-08T03:58:50.000Z,LinkedIn,Full-time,,https://www.linkedin.com/jobs/view/fulltime-support-lead-wheaton-md-at-five-below-4452291785?trk=bingjobs,"jobs in Wheaton, MD"
2026-09-11,Five Below,Merchandise Manager Wheaton Md 8144,Silver Spring,Maryland,2026-09-08T03:36:22.000Z,LinkedIn,Full-time,,https://www.linkedin.com/jobs/view/merchandise-manager-wheaton-md-8144-at-five-below-4452296090?trk=bingjobs,"jobs in Wheaton, MD"
2026-09-11,AlliedTravelCareers,"Travel Physical Therapy Assistant (PTA) - $1,260 To $1,483 Per Week In Kensington, MD",Kensington,Maryland,2026-09-08T00:00:00.000Z,CareerBuilder,,,https://www.careerbuilder.com/job-details/travel-physical-therapy-assistant-pta-1-260-to-1-483-per-week-in-kensington-md-kensington-md--99d7aa12-afd9-470f-9110-10a39f3f0650?trk=bingjobs,"jobs in Wheaton, MD"
2026-09-11,AlliedTravelCareers,"Travel Physical Therapy Assistant (PTA) - $1,326 To $1,560 Per Week In Kensington, MD",Kensington,Maryland,2026-09-08T00:00:00.000Z,Monster,,,https://www.monster.com/job-openings/travel-physical-therapy-assistant-pta-1-326-to-1-560-per-week-in-kensington-md-kensington-md--10591091-4ef9-4a80-88ac-ba6900714426?mstr_dist=true&trk=bingjobs,"jobs in Wheaton, MD"
2026-09-11,Atlas MedStaff,"Travel Nurse RN - Operating Room - $1,967 Per Week In Bethesda, MD",Bethesda,Maryland,2026-09-08T00:00:00.000Z,Monster,,,https://www.monster.com/job-openings/travel-nurse-rn-operating-room-1-967-per-week-in-bethesda-md-bethesda-md--a69e3217-d18a-49bf-ae13-120c3f90e292?mstr_dist=true&trk=bingjobs,"jobs in Wheaton, MD"
2026-09-11,C.R. England,CDL-A Truck Driver,Montgomery Village,Maryland,2026-09-08T00:00:00.000Z,CareerBuilder,,,https://www.careerbuilder.com/job-details/cdl-a-truck-driver-montgomery-village-md--ba20a7d2-ca63-495c-9880-cf7d16d0a68b?trk=bingjobs,"jobs in Montgomery Village, MD"
2026-09-11,Centra Healthcare Solutions,"Travel Physical Therapy Assistant (PTA) - $1,260 To $1,483 Per Week In Kensington, MD",Kensington,Maryland,2026-09-08T00:00:00.000Z,Monster,,,https://www.monster.com/job-openings/travel-physical-therapy-assistant-pta-1-260-to-1-483-per-week-in-kensington-md-kensington-md--6097b2e1-c2fb-42f5-988c-60fdc0921f45?mstr_dist=true&trk=bingjobs,"jobs in Wheaton, MD"
2026-09-11,Go Healthcare,"Travel Certified Occupational Therapist Assistant (COTA) - $1,970 To $2,030 Per Week In Sandy Spring, MD",Sandy Spring Meadow,Maryland,2026-09-08T00:00:00.000Z,CareerBuilder,,,https://www.careerbuilder.com/job-details/travel-certified-occupational-therapist-assistant-cota-1-970-to-2-030-per-week-in-sandy-spring-md-sandy-spring-md--8b2bf2d8-dfec-4149-9c5c-9b69c3c7cce3?trk=bingjobs,"jobs in Olney, MD"
2026-09-11,Medical Solutions,"Travel Nurse RN - Operating Room - $1,980 Per Week In Bethesda, MD",Bethesda,Maryland,2026-09-08T00:00:00.000Z,CareerBuilder,,,https://www.careerbuilder.com/job-details/travel-nurse-rn-operating-room-1-980-per-week-in-bethesda-md-bethesda-md--042a3cd4-9707-4d7d-a092-00e2ed0cb1cb?trk=bingjobs,"jobs in Wheaton, MD"
2026-09-11,OneStaff Medical,"Travel Nurse RN - Operating Room - $2,198 Per Week In Bethesda, MD",Bethesda,Maryland,2026-09-08T00:00:00.000Z,Monster,,,https://www.monster.com/job-openings/travel-nurse-rn-operating-room-2-076-per-week-in-bethesda-md-bethesda-md--24031dfe-9692-469a-8a06-3309b903ac1c?mstr_dist=true&trk=bingjobs,"jobs in Wheaton, MD"
2026-09-11,Sport Clips,Hair Stylist/Barber,Montgomery Village,Maryland,2026-09-08T00:00:00.000Z,CareerBuilder,Full-time,,https://www.careerbuilder.com/job-details/hair-stylist-barber-montgomery-village-md--9b77477a-79ff-421b-8cef-9df7b233130a?trk=bingjobs,"jobs in Montgomery Village, MD"
2026-09-11,Sunrise Senior Living Mgmt Inc,Server (WTSTFF),Montgomery Village,Maryland,2026-09-08T00:00:00.000Z,CareerBuilder,,,https://www.careerbuilder.com/job-details/server-wtstff-montgomery-village-md--58d578fd-eb4e-4d5a-8177-8980e717096d?trk=bingjobs,"jobs in Montgomery Village, MD"
2026-09-11,U.S. Navy,Aviation Electrician’S Mate,Chevy Chase Village,Maryland,2026-09-08T00:00:00.000Z,Monster,Volunteer,,https://www.monster.com/job-openings/aviation-electrician-s-mate-chevy-chase-village-md--ecb39230-7149-41e0-8eba-ca73ae68b2ad?mstr_dist=true&trk=bingjobs,"jobs in Montgomery Village, MD"
2026-09-11,U.S. Navy,Aviation Electronics Technician,Chevy Chase Village,Maryland,2026-09-08T00:00:00.000Z,CareerBuilder,Volunteer,,https://www.careerbuilder.com/job-details/aviation-electronics-technician-chevy-chase-village-md--9e30c589-7a4b-4b7f-91d1-4360d88c8e36?trk=bingjobs,"jobs in Montgomery Village, MD"
2026-09-11,U.S. Navy,Computer Field Technician,Chevy Chase Village,Maryland,2026-09-08T00:00:00.000Z,CareerBuilder,,,https://www.careerbuilder.com/job-details/computer-field-technician-chevy-chase-village-md--b09a39c3-f0e6-4425-964e-74ec2313cbd5?trk=bingjobs,"jobs in Montgomery Village, MD"
2026-09-11,U.S. Navy,Medical Assistant,Chevy Chase Village,Maryland,2026-09-08T00:00:00.000Z,CareerBuilder,,,https://www.careerbuilder.com/job-details/medical-assistant-chevy-chase-village-md--c65c4380-167d-4a6f-bca5-72aaf74119a3?trk=bingjobs,"jobs in Montgomery Village, MD"
2026-09-11,Montgomery County (MD),Program Specialist I (Police Body Worn Camera Reviewer) Grade 18,Rockville,Maryland,2026-09-07T17:00:00.000Z,ZipRecruiter,Full-time,,"https://www.ziprecruiter.com/c/montgomery-county-ohio/Job/Program-Specialist-I-(Police-Body-Worn-Camera-Reviewer)-Grade-18/-in-Rockville,MD?jid=032af2a4c970a739&trk=bingjobs","jobs in Montgomery County, MD"
2026-09-11,Montgomery County Public Schools,"FY27: Cafeteria Worker, 4Hrs/10Mos, Joann Leleck ES, Ad Extended Until 09/15/26",Silver Spring,Maryland,2026-09-07T17:00:00.000Z,ZipRecruiter,Full-time,,"https://www.ziprecruiter.com/c/montgomery-county-public-schools/Job/FY27:-Cafeteria-Worker,-4hrs-10mos,-JoAnn-Leleck-ES,-Ad-extended-until-09-15-26/-in-Silver-Spring,MD?jid=51f8090927fba902&trk=bingjobs","jobs in Montgomery County, MD"
2026-09-11,Montgomery County Public Schools,"Immediate: Building Service Worker (Shift 2), 8 Hrs / 12 Mos, College Gardens ES, Ad Closes 9/15/26",Rockville,Maryland,2026-09-07T17:00:00.000Z,ZipRecruiter,Full-time,,"https://www.ziprecruiter.com/c/Montgomery-County-Public-Schools/Job/Immediate:-Building-Service-Worker-(Shift-2),-8-hrs-12-mos,-College-Gardens-ES,-Ad-closes-11-24-25/-in-Rockville,MD?jid=d59f3a870780471f&trk=bingjobs","jobs in Montgomery County, MD"
2026-09-11,Vineyard Vines,"Part-Time Keyholder- Clarksburg Premium Outlets, Clarksburg, MD",Clarksburg,Maryland,2026-09-07T15:32:38.000Z,LinkedIn,Part-time,,https://www.linkedin.com/jobs/view/part-time-keyholder-clarksburg-premium-outlets-clarksburg-md-at-vineyard-vines-4462249559?trk=bingjobs,"jobs in Clarksburg, MD"
2026-09-11,Leslie's,Water Valet - Capital Hot Tubs,Clarksburg,Maryland,2026-09-07T07:38:26.000Z,LinkedIn,Full-time,,https://www.linkedin.com/jobs/view/water-valet-capital-hot-tubs-at-leslie-s-4416721431?trk=bingjobs,"jobs in Clarksburg, MD"
2026-09-11,Foot Locker,Sales Associate,Bethesda,Maryland,2026-09-07T06:33:48.000Z,LinkedIn,Part-time,,https://www.linkedin.com/jobs/view/sales-associate-at-foot-locker-4406785551?trk=bingjobs,"jobs in North Bethesda, MD"
2026-09-11,Metrics LLC,Senior Acquisition Specialist,Bethesda,Maryland,2026-09-07T06:21:31.000Z,ZipRecruiter,Part-time,,"https://www.ziprecruiter.com/c/Metrics/Job/Senior-Acquisition-Specialist/-in-Remote,US?jid=cfd2ff5ffd0325d0&trk=bingjobs","jobs in North Bethesda, MD"
2026-09-11,Giant Food,PT Service Clerk - Salad Bar - 2313,Bethesda,Maryland,2026-09-07T06:09:27.000Z,LinkedIn,Part-time,,https://www.linkedin.com/jobs/view/pt-service-clerk-salad-bar-2313-at-giant-food-4263957491?trk=bingjobs,"jobs in North Bethesda, MD"
2026-09-11,Giant Food,PT Clerk - Grocery - 2313,Bethesda,Maryland,2026-09-07T06:09:19.000Z,LinkedIn,Part-time,,https://www.linkedin.com/jobs/view/pt-clerk-grocery-2313-at-giant-food-4263959259?trk=bingjobs,"jobs in North Bethesda, MD"
2026-09-11,Giant Food,PT Clerk - Dairy - 0336,Wheaton,Maryland,2026-09-07T06:09:17.000Z,LinkedIn,Part-time,,https://www.linkedin.com/jobs/view/pt-clerk-dairy-0336-at-giant-food-4263955713?trk=bingjobs,"jobs in Wheaton, MD"
2026-09-11,Heartland Dental,Dental Hygienist,Bethesda,Maryland,2026-09-07T04:47:40.000Z,LinkedIn,Part-time,,https://www.linkedin.com/jobs/view/dental-hygienist-at-heartland-dental-4387607322?trk=bingjobs,"jobs in North Bethesda, MD"
2026-09-11,Blue Energy,Senior Licensing Engineer - Safety,North Bethesda,Maryland,2026-09-07T04:13:44.000Z,LinkedIn,Full-time,,https://www.linkedin.com/jobs/view/senior-licensing-engineer-safety-at-blue-energy-4181373496?trk=bingjobs,"jobs in North Bethesda, MD"
2026-09-11,Encompass Health Rehabilitation Hospital of Northern Virginia,Occupational Therapist,Montgomery Village,Maryland,2026-09-07T01:27:21.000Z,Jooble,Full-time,,https://jooble.org/jdp/8127820128315185012?trk=bingjobs,"jobs in Montgomery Village, MD"
2026-09-11,Encompass Health Rehabilitation Hospital of Northern Virginia,Registered Nurse,Montgomery Village,Maryland,2026-09-07T01:27:20.000Z,ZipRecruiter,Full-time,,"https://www.ziprecruiter.com/c/Encompass-Health/Job/Registered-Nurse/-in-Montgomery-Village,MD?jid=385f854929704bd6&trk=bingjobs","jobs in Montgomery County, MD"
2026-09-11,AMERICAN REAL ESTATE PARTNERS,"Senior Associate, Data Center Site Selection & Land Planning",Bethesda,Maryland,2026-09-07T00:00:00.000Z,Monster,,,https://www.monster.com/job-openings/senior-associate-data-center-site-selection-land-planning-bethesda-md--7a49e730-10f7-4c06-bc2d-2e1ef7ad1ff8?mstr_dist=true&trk=bingjobs,"jobs in North Bethesda, MD"
2026-09-11,Albertsons,File Maintenance Clerk-Bethesda,Bethesda,Maryland,2026-09-07T00:00:00.000Z,ZipRecruiter,Part-time,,"https://www.ziprecruiter.com/c/Albertsons/Job/File-Maintenance-Clerk-Bethesda/-in-Bethesda,MD?jid=6d6de33cd40e858d&trk=bingjobs","jobs in North Bethesda, MD"
2026-09-11,Dig Inn,"Line Cook, Bethesda",Bethesda,Maryland,2026-09-07T00:00:00.000Z,CareerBuilder,Full-time,,https://www.careerbuilder.com/job-details/line-cook-bethesda-bethesda-md--69140b8d-d683-4b3a-9abf-25281b175693?trk=bingjobs,"jobs in North Bethesda, MD"
2026-09-11,Georgetown Hill Early School,Preschool Teachers,Montgomery Village,Maryland,2026-09-07T00:00:00.000Z,CareerBuilder,Full-time,,https://www.careerbuilder.com/job-details/preschool-teachers-montgomery-village-md--e9cd6866-aca5-4166-961f-552583a1a983?trk=bingjobs,"jobs in Montgomery Village, MD"
2026-09-11,"Hand & Stone - 18133 Town Center Dr - Olney, MD",Licensed Esthetician,Olney,Maryland,2026-09-07T00:00:00.000Z,ZipRecruiter,Full-time,,"https://www.ziprecruiter.com/c/Hand-&-Stone-18133-Town-Center-Dr-Olney,-MD/Job/Licensed-Esthetician/-in-Olney,MD?jid=0ab051e8c5b0b91d&trk=bingjobs","jobs in Olney, MD"
2026-09-11,Maryland-National Capital Park & Planning Commission,Parks Tree Care Volunteer Program Coordinator,Wheaton,Maryland,2026-09-07T00:00:00.000Z,CareerBuilder,Volunteer,,https://www.careerbuilder.com/job-details/parks-tree-care-volunteer-program-coordinator-wheaton-md--2c370921-6b51-477e-9187-4dd83fcba28c?trk=bingjobs,"jobs in Wheaton, MD"
2026-09-11,Maryland-National Capital Park & Planning Commission,Seasonal Greenhouse Worker/Waterer - Brookside Gardens,Wheaton,Maryland,2026-09-07T00:00:00.000Z,CareerBuilder,Temporary,,https://www.careerbuilder.com/job-details/seasonal-greenhouse-worker-waterer-brookside-gardens-wheaton-md--541f0422-c0f6-46cf-ab67-130748199167?trk=bingjobs,"jobs in Wheaton, MD"
2026-09-11,"Montgomery Village, MD - Sunrise at Montgomery Village",Night Supervisor LPN,Montgomery Village,Maryland,2026-09-07T00:00:00.000Z,CareerBuilder,,,https://www.careerbuilder.com/job-details/night-supervisor-lpn-montgomery-village-md--74395c34-e383-42a4-99a2-6687c4dba7df?trk=bingjobs,"jobs in Montgomery Village, MD"
2026-09-11,Nest And Care,Caregiver For Elderly,Bethesda,Maryland,2026-09-07T00:00:00.000Z,CareerBuilder,Full-time,,https://www.careerbuilder.com/job-details/caregiver-for-elderly-bethesda-md--92a1be02-69e6-4805-b131-18524e959cd9?trk=bingjobs,"jobs in North Bethesda, MD"
2026-09-11,Triage Staffing,"Travel Certified Occupational Therapist Assistant (COTA) - $1,417 Per Week In Kensington, MD",Kensington,Maryland,2026-09-07T00:00:00.000Z,CareerBuilder,Full-time,,https://www.careerbuilder.com/job-details/travel-certified-occupational-therapist-assistant-cota-1-417-per-week-in-kensington-md-kensington-md--551d92af-5d1c-4ed3-b76c-c7552e0ae8b5?trk=bingjobs,"jobs in Wheaton, MD"
2026-09-11,U.S. Navy,"Aviation Electronics, Electrical & Computer Systems Technician",Chevy Chase Village,Maryland,2026-09-07T00:00:00.000Z,CareerBuilder,Volunteer,,https://www.careerbuilder.com/job-details/aviation-electronics-electrical-computer-systems-technician-chevy-chase-village-md--14d32a49-6f09-497c-b2d1-de3fa00ff159?trk=bingjobs,"jobs in Montgomery Village, MD"
2026-09-11,U.S. Navy,Fire Controlman,Chevy Chase Village,Maryland,2026-09-07T00:00:00.000Z,Monster,Full-time,,https://www.monster.com/job-openings/fire-controlman-chevy-chase-village-md--7f80378c-c756-4a72-8b3a-b6b7a88fc6bb?mstr_dist=true&trk=bingjobs,"jobs in Montgomery Village, MD"
2026-09-11,Xometry,Site Reliability Engineer II (SRE),North Bethesda,Maryland,2026-09-07T00:00:00.000Z,Monster,,,https://www.monster.com/job-openings/site-reliability-engineer-ii-sre-north-bethesda-md--4deb0eb8-9a58-456c-ba7f-f4057c82a507?mstr_dist=true&trk=bingjobs,"jobs in North Bethesda, MD"
2026-09-11,Xometry,Staff Software Engineer,North Bethesda,Maryland,2026-09-07T00:00:00.000Z,Monster,,,https://www.monster.com/job-openings/staff-software-engineer-north-bethesda-md--667f2a38-464b-45b1-830c-0773da80bbee?mstr_dist=true&trk=bingjobs,"jobs in North Bethesda, MD"
2026-09-11,Aston Carter,Logistics Clerk,Clarksburg,Maryland,2026-09-06T19:47:05.000Z,ZipRecruiter,Contract,,"https://www.ziprecruiter.com/c/aston-carter/Job/Logistics-Clerk/-in-Clarksburg,MD?jid=76cfc0d1ca8299cc&trk=bingjobs","jobs in Clarksburg, MD"
2026-09-11,Best Buy,Retail Sales Associate,Wheaton,Maryland,2026-09-06T17:00:00.000Z,ZipRecruiter,Part-time,,"https://www.ziprecruiter.com/c/Best-Buy/Job/Retail-Sales-Associate/-in-Wheaton,MD?jid=6e9850f1ff065687&trk=bingjobs","jobs in Wheaton, MD"
2026-09-11,Harris Teeter,Part Time Cake Decorator,Olney,Maryland,2026-09-06T17:00:00.000Z,ZipRecruiter,Part-time,,"https://www.ziprecruiter.com/c/Harris-Teeter/Job/Part-Time-Cake-Decorator/-in-Olney,MD?jid=206752d86aa8b327&trk=bingjobs","jobs in Olney, MD"
2026-09-11,Montgomery County (MD),"Animal Services Officer I/II, Grade 17/18",Rockville,Maryland,2026-09-06T17:00:00.000Z,ZipRecruiter,Full-time,,"https://www.ziprecruiter.com/c/montgomery-county-ohio/Job/Animal-Services-Officer-I-II,-Grade-17-18/-in-Rockville,MD?jid=c9a0a565045cabba&trk=bingjobs","jobs in Montgomery County, MD"
2026-09-11,sage dining,Cafe Worker,Bethesda,Maryland,2026-09-06T17:00:00.000Z,ZipRecruiter,Full-time,,"https://www.ziprecruiter.com/c/Sage-Dining/Job/Cafe-Worker/-in-Bethesda,MD?jid=1d2c574a1396f0d7&trk=bingjobs","jobs in North Bethesda, MD"
2026-09-11,sweetgreen,Pike + Rose - Core Team Member,North Bethesda,Maryland,2026-09-06T17:00:00.000Z,ZipRecruiter,Full-time,,"https://www.ziprecruiter.com/c/sweetgreen/Job/Pike-+-Rose-Core-Team-Member/-in-Rockville,MD?jid=5c68cd4dcc660f6f&trk=bingjobs","jobs in North Bethesda, MD"
2026-09-11,"Thales Defense & Security, Inc.",Test Technician 1St And 2Nd Shift,Clarksburg,Maryland,2026-09-06T07:41:20.000Z,LinkedIn,Full-time,,https://www.linkedin.com/jobs/view/test-technician-1st-and-2nd-shift-at-thales-defense-security-inc-4444602744?trk=bingjobs,"jobs in Clarksburg, MD"
2026-09-11,"AVALON BAY COMMUNITIES, Inc.",Community Consultant,North Bethesda,Maryland,2026-09-06T00:00:00.000Z,CareerBuilder,Full-time,,https://www.careerbuilder.com/job-details/community-consultant-north-bethesda-md--89daa90b-51e2-400b-b547-128d311d7c0a?trk=bingjobs,"jobs in North Bethesda, MD"
2026-09-11,Akicita Federal,Graduate Medical Education Institutional Administrator,Bethesda,Maryland,2026-09-06T00:00:00.000Z,ZipRecruiter,,,"https://www.ziprecruiter.com/c/akicita-federal/Job/Graduate-Medical-Education-Institutional-Administrator/-in-Bethesda,MD?jid=6c9311ab0a0886b2&trk=bingjobs","jobs in North Bethesda, MD"
2026-09-11,Albertsons,Pharmacy Technician,Wheaton,Maryland,2026-09-06T00:00:00.000Z,ZipRecruiter,Part-time,,"https://www.ziprecruiter.com/c/Albertsons/Job/Pharmacy-Technician/-in-Silver-Spring,MD?jid=4565724d7da970c2&trk=bingjobs","jobs in Wheaton, MD"
2026-09-11,Brooke Grove Retirement Village,Activities Assistant - Life Enrichment Assistant,Olney,Maryland,2026-09-06T00:00:00.000Z,CareerBuilder,,,https://www.careerbuilder.com/job-details/activities-assistant-life-enrichment-assistant-olney-md--25652fc1-799f-47a0-b7f9-5ca209bd2410?trk=bingjobs,"jobs in Olney, MD"
2026-09-11,Carter's,Sales Associate,Clarksburg,Maryland,2026-09-06T00:00:00.000Z,CareerBuilder,,,https://www.careerbuilder.com/job-details/sales-associate-clarksburg-md--a6b832fc-b0a1-4bfe-a2b5-94a722f50aea?trk=bingjobs,"jobs in Clarksburg, MD"
2026-09-11,Encompass Health Rehabilitation Hospital of Northern Virginia,Case Manager II,Clarksburg,Maryland,2026-09-06T00:00:00.000Z,ZipRecruiter,Full-time,,"https://www.ziprecruiter.com/c/Encompass-Health-Rehabilitation-Hospital-of-Northern-Virginia/Job/Case-Manager-II/-in-Clarksburg,MD?jid=96e61bf2b6f26e9f&trk=bingjobs","jobs in Clarksburg, MD"
2026-09-11,Encompass Health Rehabilitation Hospital of Northern Virginia,Dialysis RN,Clarksburg,Maryland,2026-09-06T00:00:00.000Z,ZipRecruiter,,,"https://www.ziprecruiter.com/c/Encompass-Health-Rehabilitation-Hospital-of-Northern-Virginia/Job/Dialysis-RN/-in-Clarksburg,MD?jid=8c48156f4a1ec21b&trk=bingjobs","jobs in Clarksburg, MD"
2026-09-11,Encompass Health Rehabilitation Hospital of Northern Virginia,Dialysis RN,Montgomery Village,Maryland,2026-09-06T00:00:00.000Z,ZipRecruiter,,,"https://www.ziprecruiter.com/c/Encompass-Health-Rehabilitation-Hospital-of-Northern-Virginia/Job/Dialysis-RN/-in-Montgomery-Village,MD?jid=441bda8d7756b8e7&trk=bingjobs","jobs in Montgomery Village, MD"
2026-09-11,Encompass Health Rehabilitation Hospital of Northern Virginia,Dialysis RN,North Bethesda,Maryland,2026-09-06T00:00:00.000Z,ZipRecruiter,,,"https://www.ziprecruiter.com/c/Encompass-Health-Rehabilitation-Hospital-of-Northern-Virginia/Job/Dialysis-RN/-in-North-Bethesda,MD?jid=2e19ca02240774e1&trk=bingjobs","jobs in North Bethesda, MD"
2026-09-11,"Kitchen Tune-Up Olney, MD",Kitchen Design And Business Development,Olney,Maryland,2026-09-06T00:00:00.000Z,Monster,Full-time,,https://www.monster.com/job-openings/kitchen-design-and-business-development-olney-md--571519db-5fca-40fc-907d-98df8b964ba6?mstr_dist=true&trk=bingjobs,"jobs in Olney, MD"
2026-09-11,Shake Shack,Restaurant Team Member,Montgomery Village,Maryland,2026-09-06T00:00:00.000Z,CareerBuilder,Full-time,,https://www.careerbuilder.com/job-details/restaurant-team-member-montgomery-village-md--c4a0b05e-8f51-41ee-a0d3-5f5e0e06e8d9?trk=bingjobs,"jobs in Montgomery County, MD"
2026-09-11,Hand and Stone Massage and Facial Spa,Licensed Massage Therapist,Olney,Maryland,2026-09-05T17:00:00.000Z,ZipRecruiter,Full-time,,"https://www.ziprecruiter.com/c/Hand-and-Stone-Massage-and-Facial-Spa/Job/Licensed-Massage-Therapist-SIGN-ON-BONUS/-in-Olney,MD?jid=a1a08c40dd4d239f&trk=bingjobs","jobs in Olney, MD"
2026-09-11,"Thales Defense & Security, Inc.",Test Technician 1St Shift,Clarksburg,Maryland,2026-09-05T17:00:00.000Z,ZipRecruiter,Full-time,,"https://www.ziprecruiter.com/c/thales-defense-security/Job/Test-Technician-1st-Shift/-in-Clarksburg,MD?jid=29f8ae3561cd0c80&trk=bingjobs","jobs in Clarksburg, MD"
2026-09-11,Brooke Grove Retirement Village,RN - Unit Manager,Olney,Maryland,2026-09-05T00:00:00.000Z,CareerBuilder,,,https://www.careerbuilder.com/job-details/rn-unit-manager-olney-md--f04df575-5634-47a3-9f77-8bc9e0273340?trk=bingjobs,"jobs in Olney, MD"
2026-09-11,"Carter's, Inc.",Sales Associate,Clarksburg,Maryland,2026-09-05T00:00:00.000Z,CareerBuilder,Full-time,,https://www.careerbuilder.com/job-details/sales-associate-clarksburg-md--74f533b7-7a39-439f-8966-4e0c128223d9?trk=bingjobs,"jobs in Clarksburg, MD"
2026-09-11,Columbia Mental Health,Child And Adolescent Therapist - Hiring Incentive Eligible,Clarksburg,Maryland,2026-09-05T00:00:00.000Z,CareerBuilder,,,https://www.careerbuilder.com/job-details/child-and-adolescent-therapist-hiring-incentive-eligible-clarksburg-md--0da065dd-aab9-4ed7-8a3c-33b9f334651d?trk=bingjobs,"jobs in Clarksburg, MD"
2026-09-11,Columbia Mental Health,Mental Health Therapist (PT) - Hiring Incentive Eligible,Clarksburg,Maryland,2026-09-05T00:00:00.000Z,CareerBuilder,,,https://www.careerbuilder.com/job-details/mental-health-therapist-pt-hiring-incentive-eligible-clarksburg-md--82567426-fab3-4dd4-8d07-d5d667d62e61?trk=bingjobs,"jobs in Clarksburg, MD"
2026-09-11,Dig Inn,"Sous Chef, Bethesda",Bethesda,Maryland,2026-09-05T00:00:00.000Z,CareerBuilder,Full-time,,https://www.careerbuilder.com/job-details/sous-chef-bethesda-bethesda-md--66c9e685-e4e4-4e3a-95a8-adb28c19a21e?trk=bingjobs,"jobs in North Bethesda, MD"
2026-09-11,Eat Sprout,Barista - Bethesda,Bethesda,Maryland,2026-09-05T00:00:00.000Z,Glassdoor,Part-time,,"https://www.glassdoor.com/job-listing/barista-bethesda-eat-sprout-JV_IC1153817_KO0,16_KE17,27.htm?jl=1009790711991&trk=bingjobs","jobs in North Bethesda, MD"
2026-09-11,Encompass Health Rehabilitation Hospital of Northern Virginia,Occupational Therapy Assistant,Clarksburg,Maryland,2026-09-05T00:00:00.000Z,ZipRecruiter,Full-time,,"https://www.ziprecruiter.com/c/Encompass-Health-Rehabilitation-Hospital-of-Northern-Virginia/Job/Occupational-Therapy-Assistant/-in-Clarksburg,MD?jid=38f38ec4721bdf83&trk=bingjobs","jobs in Clarksburg, MD"
2026-09-11,Encompass Health Rehabilitation Hospital of Northern Virginia,Occupational Therapy Assistant,Montgomery Village,Maryland,2026-09-05T00:00:00.000Z,ZipRecruiter,Full-time,,"https://www.ziprecruiter.com/c/Encompass-Health-Rehabilitation-Hospital-of-Northern-Virginia/Job/Occupational-Therapy-Assistant/-in-Montgomery-Village,MD?jid=711a5281a7396742&trk=bingjobs","jobs in Montgomery Village, MD"
2026-09-11,Encompass Health Rehabilitation Hospital of Northern Virginia,Occupational Therapy Assistant,North Bethesda,Maryland,2026-09-05T00:00:00.000Z,ZipRecruiter,Full-time,,"https://www.ziprecruiter.com/c/Encompass-Health-Rehabilitation-Hospital-of-Northern-Virginia/Job/Occupational-Therapy-Assistant/-in-North-Bethesda,MD?jid=e407df17f0cd3dab&trk=bingjobs","jobs in North Bethesda, MD"
2026-09-11,Encompass Health Rehabilitation Hospital of Northern Virginia,Respiratory Therapy Supervisor,Clarksburg,Maryland,2026-09-05T00:00:00.000Z,ZipRecruiter,,,"https://www.ziprecruiter.com/c/Encompass-Health-Rehabilitation-Hospital-of-Northern-Virginia/Job/Respiratory-Therapy-Supervisor/-in-Clarksburg,MD?jid=88a4b309e4f6517e&trk=bingjobs","jobs in Clarksburg, MD"
2026-09-11,Encompass Health Rehabilitation Hospital of Northern Virginia,Respiratory Therapy Supervisor,Montgomery Village,Maryland,2026-09-05T00:00:00.000Z,ZipRecruiter,,,"https://www.ziprecruiter.com/c/Encompass-Health-Rehabilitation-Hospital-of-Northern-Virginia/Job/Respiratory-Therapy-Supervisor/-in-Montgomery-Village,MD?jid=b2eacfe5c2000e06&trk=bingjobs","jobs in Montgomery Village, MD"
2026-09-11,Encompass Health Rehabilitation Hospital of Northern Virginia,Respiratory Therapy Supervisor,North Bethesda,Maryland,2026-09-05T00:00:00.000Z,ZipRecruiter,,,"https://www.ziprecruiter.com/c/Encompass-Health-Rehabilitation-Hospital-of-Northern-Virginia/Job/Respiratory-Therapy-Supervisor/-in-North-Bethesda,MD?jid=282aa116fe722c65&trk=bingjobs","jobs in North Bethesda, MD"
2026-09-11,Georgetown Hill Early School,Before & Aftercare Lead Teacher,Montgomery Village,Maryland,2026-09-05T00:00:00.000Z,CareerBuilder,Full-time,,https://www.careerbuilder.com/job-details/before-aftercare-lead-teacher-montgomery-village-md--c9974b40-5852-46da-a0f8-488e8fcb344e?trk=bingjobs,"jobs in Montgomery Village, MD"
2026-09-11,Harbor Retirement Associates,Medication Assistant,Olney,Maryland,2026-09-05T00:00:00.000Z,CareerBuilder,,,https://www.careerbuilder.com/job-details/medication-assistant-olney-md--1a416f5e-d452-4761-b0b4-f9bd986b159d?trk=bingjobs,"jobs in Olney, MD"
2026-09-11,KA Recruiting Inc.,Mammography Technologist OR Mammographer In Maryland,Montgomery Village,Maryland,2026-09-05T00:00:00.000Z,CareerBuilder,Full-time,,https://www.careerbuilder.com/job-details/mammography-technologist-or-mammographer-in-maryland-montgomery-village-md--3eac8577-5ef6-4648-9cb4-a58fd1f3a230?trk=bingjobs,"jobs in Montgomery Village, MD"
2026-09-11,KA Recruiting Inc.,Mammography Technologist Or Mammography Tech Or Mammo Tech Or Mammo Technologist In Maryland,Bethesda,Maryland,2026-09-05T00:00:00.000Z,CareerBuilder,Full-time,,https://www.careerbuilder.com/job-details/mammography-technologist-or-mammography-tech-or-mammo-tech-or-mammo-technologist-in-maryland-bethesda-md--d87e9220-4244-46fd-b645-fdf2a8a1168c?trk=bingjobs,"jobs in Olney, MD"
2026-09-11,QuickMD,Telehealth Physician,Montgomery Village,Maryland,2026-09-05T00:00:00.000Z,CareerBuilder,Contract,,https://www.careerbuilder.com/job-details/telehealth-physician-montgomery-village-md--859e2b6f-ae57-4989-bb44-a9431c4d6822?trk=bingjobs,"jobs in Montgomery Village, MD"
2026-09-11,QuickMD,Telemedicine Physician – All States,Montgomery Village,Maryland,2026-09-05T00:00:00.000Z,CareerBuilder,Contract,,https://www.careerbuilder.com/job-details/telemedicine-physician-all-states-montgomery-village-md--cf119abd-12f7-4888-b7b6-7e493144e78a?trk=bingjobs,"jobs in Montgomery Village, MD"
2026-09-11,Sunrise Senior Living Mgmt,Server (WTSTFAL),Bethesda,Maryland,2026-09-05T00:00:00.000Z,CareerBuilder,,,https://www.careerbuilder.com/job-details/server-wtstfal-bethesda-md--729b974b-b997-40ab-b073-b02ef7ed615a?trk=bingjobs,"jobs in North Bethesda, MD"
2026-09-11,TORY BURCH,Part-Time Sales Associate,Clarksburg,Maryland,2026-09-05T00:00:00.000Z,ZipRecruiter,,,"https://www.ziprecruiter.com/c/Tory-Burch/Job/PT-Sales-Associate/-in-Clarksburg,MD?jid=de114ee078120095&trk=bingjobs","jobs in Clarksburg, MD"
2026-09-11,The Learning Experience - Gaithersburg,Preschool Center Director,Montgomery Village,Maryland,2026-09-05T00:00:00.000Z,CareerBuilder,Full-time,,https://www.careerbuilder.com/job-details/preschool-center-director-montgomery-village-md--9c4d8692-37de-44c9-9b19-c3bede92699e?trk=bingjobs,"jobs in Montgomery County, MD"
2026-09-11,Montgomery County Public Schools,"FY27: Paraeducator Level I & II Combo, 6 Hrs / 10 Mos, College Gardens ES, Ad Extended 9/11/26",Rockville,Maryland,2026-09-04T17:41:13.000Z,LinkedIn,Part-time,,https://www.linkedin.com/jobs/view/fy27-paraeducator-level-i-ii-combo-6-hrs-10-mos-college-gardens-es-ad-extended-9-11-26-at-montgomery-county-public-schools-4463683397?trk=bingjobs,"jobs in Montgomery County, MD"
2026-09-11,Montgomery County Public Schools,"Immediate: Building Service Worker (Shift I), 8Hrs/12Mos, Briggs Chaney MS, Ad Closes 9/17/26",Silver Spring,Maryland,2026-09-04T17:40:48.000Z,LinkedIn,Full-time,,https://www.linkedin.com/jobs/view/immediate-building-service-worker-shift-i-8hrs-12mos-briggs-chaney-ms-ad-closes-9-17-26-at-montgomery-county-public-schools-4463689301?trk=bingjobs,"jobs in Montgomery County, MD"
2026-09-11,Montgomery County Public Schools,"FY27: Paraeducator Level I/Lunch Hour Aide Combo, Special Education, Bannockburn ES, 4Hrs/10Mos, Ad Closes 9/15/26",Bethesda,Maryland,2026-09-04T17:40:47.000Z,LinkedIn,Part-time,,https://www.linkedin.com/jobs/view/fy27-paraeducator-level-i-lunch-hour-aide-combo-special-education-bannockburn-es-4hrs-10mos-ad-closes-9-15-26-at-montgomery-county-public-schools-4463675659?trk=bingjobs,"jobs in North Bethesda, MD"
2026-09-11,JBS International,"Data Operations Specialist Head Start (Data Quality, Records & Governance)",North Bethesda,Maryland,2026-09-04T17:00:00.000Z,ZipRecruiter,Full-time,,"https://www.ziprecruiter.com/c/JBS-International/Job/Data-Operations-Specialist-Head-Start-(Data-Quality,-Records-&-Governance)/-in-North-Bethesda,MD?jid=d441b4b5f626c342&trk=bingjobs","jobs in North Bethesda, MD"
2026-09-11,"Russell Cellular, Inc.",Sales - Wireless Specialist,North Bethesda,Maryland,2026-09-04T17:00:00.000Z,ZipRecruiter,Full-time,,"https://www.ziprecruiter.com/c/Russell-Cellular,-Inc./Job/Sales-Wireless-Specialist/-in-North-Bethesda,MD?jid=8dbdaacaa9419045&trk=bingjobs","jobs in North Bethesda, MD"
2026-09-11,City Year,Commit To Serve Your City Year! (Full Pay/Benefits - Academic Mentor),Montgomery Village,Maryland,2026-09-04T00:00:00.000Z,ZipRecruiter,Full-time,,"https://www.ziprecruiter.com/c/City-Year/Job/Commit-to-Serve-Your-City-Year!-(Full-Pay-Benefits-Academic-Mentor)/-in-Montgomery-Village,MD?jid=817fc37069c90109&trk=bingjobs","jobs in Montgomery County, MD"
2026-09-11,DIRECTV,DIRECTV For Business Product Development Intern,Clarksburg,Maryland,2026-09-04T00:00:00.000Z,CareerBuilder,,,https://www.careerbuilder.com/job-details/directv-for-business-product-development-intern-clarksburg-md--ad64513d-e5af-4c2b-85aa-606e4d501f51?trk=bingjobs,"jobs in Clarksburg, MD"
2026-09-11,MEDSTAR HEALTH,Registered Nurse (RN) Float Pool,Olney,Maryland,2026-09-04T00:00:00.000Z,CareerBuilder,,,https://www.careerbuilder.com/job-details/registered-nurse-rn-float-pool-olney-md--bb5c8a41-71be-4c88-9294-9e6a9b5e3865?trk=bingjobs,"jobs in Olney, MD"
2026-09-11,Marriott International,Guest Environment Expert,Bethesda,Maryland,2026-09-04T00:00:00.000Z,ZipRecruiter,Full-time,,"https://www.ziprecruiter.com/c/Marriott/Job/Guest-Environment-Expert/-in-Bethesda,MD?jid=9ba0f028ff84cb04&trk=bingjobs","jobs in North Bethesda, MD"
2026-09-11,"Montgomery County Public Schools, Maryland","FY27: Paraeducator Level III, Special Education (LFI), Lakewood ES, 7Hrs/10Mos, Ad Closes 9/14/26",Rockville,Maryland,2026-09-04T00:00:00.000Z,CareerBuilder,Part-time,,https://www.careerbuilder.com/job-details/fy27-paraeducator-level-iii-special-education-lfi-lakewood-es-7hrs-10mos-ad-closes-9-14-26-rockville-md--7191b948-03eb-4c89-b68e-5ecd7e570b8b?trk=bingjobs,"jobs in Montgomery County, MD"
2026-09-11,"Montgomery County Public Schools, Maryland","Planner I, Div. Of Planning, Design, And Construction, 8Hrs / 12Mos, Ad Closes 09-11-26",Rockville,Maryland,2026-09-04T00:00:00.000Z,CareerBuilder,Full-time,,https://www.careerbuilder.com/job-details/planner-i-div-of-planning-design-and-construction-8hrs-12mos-ad-closes-09-11-26-rockville-md--6e9481bf-0204-43db-902f-3b330c61862f?trk=bingjobs,"jobs in Montgomery County, MD"
2026-09-11,"Montgomery County Public Schools, Maryland","Real Estate Management Specialist, Dept. Of Planning And Construction, 8Hrs / 12Mos, Ad Closes 09-11-26",Rockville,Maryland,2026-09-04T00:00:00.000Z,Monster,Full-time,,https://www.monster.com/job-openings/real-estate-management-specialist-dept-of-planning-and-construction-8hrs-12mos-ad-closes-09-11-26-rockville-md--64416a5a-9254-4f1d-ae6f-ab9eb0ebe177?mstr_dist=true&trk=bingjobs,"jobs in Montgomery County, MD"
2026-09-11,"Montgomery County, Maryland","Beer Delivery Supervisor (Workforce Leader II, Grade N18)",Rockville,Maryland,2026-09-04T00:00:00.000Z,CareerBuilder,Full-time,,https://www.careerbuilder.com/job-details/beer-delivery-supervisor-workforce-leader-ii-grade-n18-rockville-md--d8a5c913-c41d-45d1-a921-a97c189c17b5?trk=bingjobs,"jobs in Montgomery County, MD"
2026-09-11,Riderwood Village by Erickson Senior Living,Executive Chef,North Bethesda,Maryland,2026-09-04T00:00:00.000Z,CareerBuilder,Volunteer,,https://www.careerbuilder.com/job-details/executive-chef-north-bethesda-md--f0a97333-c0cf-4aa8-870a-878bd178e5da?trk=bingjobs,"jobs in North Bethesda, MD"
2026-09-11,Riderwood Village by Erickson Senior Living,Executive Chef,Wheaton,Maryland,2026-09-04T00:00:00.000Z,Monster,Volunteer,,https://www.monster.com/job-openings/executive-chef-wheaton-md--06a223e6-75f0-4877-b03b-9493f2995413?mstr_dist=true&trk=bingjobs,"jobs in Wheaton, MD"
2026-09-11,SoulCycle,"Key Holder, Bethesda",Bethesda,Maryland,2026-09-04T00:00:00.000Z,ZipRecruiter,Part-time,,"https://www.ziprecruiter.com/c/soulcycle/Job/Key-Holder,-Bethesda/-in-Bethesda,MD?jid=635d9fde190c6c21&trk=bingjobs","jobs in North Bethesda, MD"
2026-09-11,Starbucks Corp,"Shift Supervisor - Store# 26094, CLARKSBURG PREMIUM OUTLETS",Clarksburg,Maryland,2026-09-04T00:00:00.000Z,CareerBuilder,,,https://www.careerbuilder.com/job-details/shift-supervisor-store-26094-clarksburg-premium-outlets-clarksburg-md--b633c6bc-8fab-448b-b446-91c7095ea3db?trk=bingjobs,"jobs in Clarksburg, MD"
2026-09-11,Tender Touch Rehab Services,Physical Therapist - FT,Montgomery Village,Maryland,2026-09-04T00:00:00.000Z,ZipRecruiter,Full-time,,"https://www.ziprecruiter.com/c/Tender-Touch-Rehab-Services/Job/Physical-Therapist-FT/-in-Montgomery-Village,MD?jid=e0e021ccfb17726f&trk=bingjobs","jobs in Montgomery County, MD"
2026-09-11,Tender Touch Rehab Services,Physical Therapist - Per Diem,Montgomery Village,Maryland,2026-09-04T00:00:00.000Z,ZipRecruiter,Full-time,,"https://www.ziprecruiter.com/c/Tender-Touch-Rehab-Services/Job/Physical-Therapist-Per-Diem/-in-Montgomery-Village,MD?jid=2a1b51eb7e359df5&trk=bingjobs","jobs in Montgomery County, MD"
2026-09-11,The Arc Montgomery County,Direct Support Professional-CLS (Beret),Derwood,Maryland,2026-09-04T00:00:00.000Z,CareerBuilder,,,https://www.careerbuilder.com/job-details/direct-support-professional-cls-beret-derwood-md--e7a5a86d-fb91-4313-bb66-f19320d39395?trk=bingjobs,"jobs in Montgomery County, MD"
2026-09-11,The Arc Montgomery County,Direct Support Professional-CLS (Greenery AON),Silver Spring,Maryland,2026-09-04T00:00:00.000Z,CareerBuilder,,,https://www.careerbuilder.com/job-details/direct-support-professional-cls-greenery-aon-silver-spring-md--d2014645-f7f9-4748-999e-4245acd281ca?trk=bingjobs,"jobs in Montgomery County, MD"
2026-09-11,The Learning Experience,Preschool Center Director,Montgomery Village,Maryland,2026-09-04T00:00:00.000Z,CareerBuilder,Full-time,,https://www.careerbuilder.com/job-details/preschool-center-director-montgomery-village-md--ece1fb85-f7f8-4eb2-a0e0-9d424ce1c9e2?trk=bingjobs,"jobs in Montgomery County, MD"
2026-09-11,U.S. Navy,Special Warfare Combat Crewman,Chevy Chase Village,Maryland,2026-09-04T00:00:00.000Z,Monster,Volunteer,,https://www.monster.com/job-openings/special-warfare-combat-crewman-chevy-chase-village-md--3a525250-dd7f-4e8e-9714-e7e76c27a770?mstr_dist=true&trk=bingjobs,"jobs in Montgomery Village, MD"
2026-09-11,Victoria's Secret & Co,Seasonal Associate-Wheaton,Wheaton,Maryland,2026-09-04T00:00:00.000Z,CareerBuilder,Temporary,,https://www.careerbuilder.com/job-details/seasonal-associate-wheaton-wheaton-md--d4c72138-6746-4e29-837e-8c6a213952c8?trk=bingjobs,"jobs in Wheaton, MD"
2026-09-11,ogden,Site Safety Supervisor,Bethesda,Maryland,2026-09-04T00:00:00.000Z,CareerBuilder,,,https://www.careerbuilder.com/job-details/site-safety-supervisor-bethesda-md--4597f5a6-985f-44c0-971e-94934db41740?trk=bingjobs,"jobs in North Bethesda, MD"
2026-09-11,Montgomery County Public Schools,"FY27: Paraeducator Level III, Special Education (Autism K-2), Stedwick ES, 7Hrs/10Mos, Ad Closes 9/10/26",Montgomery Village,Maryland,2026-09-03T17:40:51.000Z,LinkedIn,Part-time,,https://www.linkedin.com/jobs/view/fy27-paraeducator-level-iii-special-education-autism-k-2-stedwick-es-7hrs-10mos-ad-closes-9-10-26-at-montgomery-county-public-schools-4463150921?trk=bingjobs,"jobs in Montgomery Village, MD"
2026-09-11,Montgomery County Public Schools,"FY27: Paraeducator Level II, Special Education Itinerant, 4Hrs/10Mos, Brooke Grove ES, Ad Closes 9/1",Olney,Maryland,2026-09-03T17:00:00.000Z,ZipRecruiter,Full-time,,"https://www.ziprecruiter.com/c/montgomery-county-public-schools/Job/FY27:-Paraeducator-Level-II,-Special-Education-Itinerant,-4hrs-10mos,-Brooke-Grove-ES,-Ad-Closes-9-1/-in-Olney,MD?jid=5164be72f81c3647&trk=bingjobs","jobs in Olney, MD"
2026-09-11,Montgomery County Public Schools,"FY27: Paraeducator Level III, Special Education, Autism Program, Rosa Parks Middle School, 7 Hrs/10",Olney,Maryland,2026-09-03T17:00:00.000Z,ZipRecruiter,Full-time,,"https://www.ziprecruiter.com/c/montgomery-county-public-schools/Job/FY27:-Paraeducator-Level-III,-Special-Education,-Autism-Program,-Rosa-Parks-Middle-School,-7-hrs-10/-in-Olney,MD?jid=5c06049d3c090f62&trk=bingjobs","jobs in Olney, MD"
2026-09-11,The Arc Montgomery County,Payroll Administrator,Derwood,Maryland,2026-09-03T17:00:00.000Z,LinkedIn,Full-time,,https://www.linkedin.com/jobs/view/payroll-administrator-at-the-arc-montgomery-county-4461427233?trk=bingjobs,"jobs in Montgomery County, MD"
2026-09-11,Bozzuto,Senior Property Manager,Bethesda,Maryland,2026-09-03T14:13:00.000Z,ZipRecruiter,Full-time,,"https://www.ziprecruiter.com/c/Bozzuto/Job/Senior-Property-Manager/-in-Bethesda,MD?jid=fb894f40489c8593&trk=bingjobs","jobs in North Bethesda, MD"
2026-09-11,African Diaspora United for Development (ADUD),Volunteer: ADUD Relaunch Strategic Implementation Roadmap,North Bethesda,Maryland,2026-09-03T11:45:33.000Z,LinkedIn,Volunteer,,https://www.linkedin.com/jobs/view/volunteer-adud-relaunch-strategic-implementation-roadmap-at-african-diaspora-united-for-development-adud-4460760022?trk=bingjobs,"jobs in North Bethesda, MD"
